1,14,02-03-2021 10:35:00,Fideua,2
2,18,04-07-2020 02:24:46,Tortilla,2
3,5,20-05-2020 01:33:55,Tortilla,1
3,5,20-05-2020 01:33:55,Gazpacho,3
3,5,20-05-2020 01:33:55,Paella,2
4,7,09-07-2019 00:34:42,Gazpacho,3
4,7,09-07-2019 00:34:42,Fideua,1
4,7,09-07-2019 00:34:42,Tortilla,1
4,7,09-07-2019 00:34:42,Quesadilla,1
5,12,19-05-2019 10:28:58,Paella,2
6,8,27-04-2020 01:14:47,Paella,1
6,8,27-04-2020 01:14:47,Gazpacho,3
6,8,27-04-2020 01:14:47,Fideua,3
6,8,27-04-2020 01:14:47,Tortilla,2
7,6,21-07-2019 11:45:16,Paella,2
7,6,21-07-2019 11:45:16,Tortilla,2
7,6,21-07-2019 11:45:16,Quesadilla,2
7,6,21-07-2019 11:45:16,Gazpacho,2
8,5,26-10-2020 16:16:05,Quesadilla,1
8,5,26-10-2020 16:16:05,Fideua,2
8,5,26-10-2020 16:16:05,Gazpacho,1
8,5,26-10-2020 16:16:05,Tortilla,3
9,8,16-11-2019 08:02:24,Gazpacho,2
10,17,24-12-2020 07:52:54,Gazpacho,2
10,17,24-12-2020 07:52:54,Tortilla,1
10,17,24-12-2020 07:52:54,Quesadilla,2
10,17,24-12-2020 07:52:54,Fideua,2
11,7,14-03-2020 21:24:22,Paella,3
12,12,12-01-2021 17:11:28,Gazpacho,1
12,12,12-01-2021 17:11:28,Paella,3
13,19,29-05-2021 01:31:34,Tortilla,1
13,19,29-05-2021 01:31:34,Quesadilla,2
13,19,29-05-2021 01:31:34,Fideua,3
13,19,29-05-2021 01:31:34,Paella,1
14,10,27-04-2019 16:16:54,Quesadilla,2
14,10,27-04-2019 16:16:54,Fideua,3
14,10,27-04-2019 16:16:54,Tortilla,2
14,10,27-04-2019 16:16:54,Gazpacho,1
15,7,22-01-2020 23:52:54,Paella,3
15,7,22-01-2020 23:52:54,Tortilla,1
16,6,10-07-2020 11:23:31,Gazpacho,3
17,18,26-07-2020 15:46:55,Paella,1
17,18,26-07-2020 15:46:55,Tortilla,1
18,20,16-08-2020 12:10:00,Tortilla,2
18,20,16-08-2020 12:10:00,Quesadilla,3
18,20,16-08-2020 12:10:00,Gazpacho,2
19,19,16-08-2019 21:16:13,Tortilla,3
19,19,16-08-2019 21:16:13,Gazpacho,2
19,19,16-08-2019 21:16:13,Fideua,1
19,19,16-08-2019 21:16:13,Quesadilla,2
20,14,08-02-2020 11:22:31,Quesadilla,3
20,14,08-02-2020 11:22:31,Paella,1
20,14,08-02-2020 11:22:31,Gazpacho,2
20,14,08-02-2020 11:22:31,Tortilla,3
21,2,03-12-2021 14:15:18,Quesadilla,2
21,2,03-12-2021 14:15:18,Fideua,1
21,2,03-12-2021 14:15:18,Tortilla,1
22,2,12-12-2021 09:46:01,Paella,1
22,2,12-12-2021 09:46:01,Fideua,3
23,2,20-01-2021 09:55:02,Gazpacho,2
24,14,12-03-2021 08:19:24,Tortilla,3
24,14,12-03-2021 08:19:24,Quesadilla,1
24,14,12-03-2021 08:19:24,Fideua,3
25,7,01-03-2021 17:54:43,Paella,3
25,7,01-03-2021 17:54:43,Tortilla,2
25,7,01-03-2021 17:54:43,Gazpacho,3
26,20,25-03-2021 16:40:41,Fideua,2
26,20,25-03-2021 16:40:41,Quesadilla,2
26,20,25-03-2021 16:40:41,Tortilla,1
26,20,25-03-2021 16:40:41,Gazpacho,1
27,14,31-01-2021 14:49:41,Gazpacho,1
27,14,31-01-2021 14:49:41,Tortilla,2
28,18,24-09-2019 06:29:15,Paella,3
29,17,01-08-2021 13:31:49,Gazpacho,2
29,17,01-08-2021 13:31:49,Fideua,3
30,3,14-08-2019 09:08:00,Tortilla,1
30,3,14-08-2019 09:08:00,Gazpacho,3
31,16,11-09-2021 01:51:42,Gazpacho,2
31,16,11-09-2021 01:51:42,Tortilla,2
31,16,11-09-2021 01:51:42,Quesadilla,3
31,16,11-09-2021 01:51:42,Fideua,3
32,14,08-07-2020 20:16:29,Fideua,1
32,14,08-07-2020 20:16:29,Gazpacho,2
33,11,09-11-2019 07:34:49,Tortilla,1
33,11,09-11-2019 07:34:49,Paella,1
33,11,09-11-2019 07:34:49,Quesadilla,1
33,11,09-11-2019 07:34:49,Gazpacho,1
34,9,15-06-2020 22:48:15,Paella,3
34,9,15-06-2020 22:48:15,Tortilla,2
35,18,29-10-2021 03:58:21,Fideua,1
36,13,08-09-2019 00:23:09,Gazpacho,1
36,13,08-09-2019 00:23:09,Quesadilla,3
36,13,08-09-2019 00:23:09,Fideua,2
37,5,02-06-2020 15:13:12,Fideua,1
38,14,14-02-2020 01:04:40,Quesadilla,2
38,14,14-02-2020 01:04:40,Fideua,3
39,5,16-08-2021 21:48:23,Paella,1
40,5,26-06-2021 02:06:10,Paella,1
40,5,26-06-2021 02:06:10,Tortilla,3
41,2,01-12-2020 14:12:28,Quesadilla,2
41,2,01-12-2020 14:12:28,Gazpacho,3
41,2,01-12-2020 14:12:28,Paella,1
41,2,01-12-2020 14:12:28,Fideua,2
42,19,28-04-2019 05:24:39,Fideua,3
42,19,28-04-2019 05:24:39,Quesadilla,3
42,19,28-04-2019 05:24:39,Gazpacho,3
42,19,28-04-2019 05:24:39,Paella,3
43,14,06-07-2019 00:26:06,Fideua,2
44,20,05-05-2021 06:04:55,Paella,1
44,20,05-05-2021 06:04:55,Gazpacho,3
44,20,05-05-2021 06:04:55,Fideua,2
45,11,27-09-2020 17:59:00,Tortilla,1
45,11,27-09-2020 17:59:00,Fideua,3
45,11,27-09-2020 17:59:00,Paella,3
46,10,09-08-2019 18:01:07,Fideua,3
46,10,09-08-2019 18:01:07,Paella,2
46,10,09-08-2019 18:01:07,Quesadilla,2
47,15,13-09-2021 00:38:08,Gazpacho,1
48,5,26-11-2021 19:34:36,Quesadilla,2
48,5,26-11-2021 19:34:36,Tortilla,2
49,20,26-08-2020 02:25:03,Tortilla,3
50,4,07-05-2020 20:24:31,Gazpacho,2
50,4,07-05-2020 20:24:31,Paella,2
50,4,07-05-2020 20:24:31,Quesadilla,1
50,4,07-05-2020 20:24:31,Fideua,3
51,15,02-06-2021 03:11:35,Tortilla,2
51,15,02-06-2021 03:11:35,Gazpacho,3
51,15,02-06-2021 03:11:35,Quesadilla,2
51,15,02-06-2021 03:11:35,Paella,3
52,10,21-07-2021 23:12:13,Tortilla,2
53,17,23-06-2019 15:21:58,Fideua,3
54,1,04-04-2020 10:39:51,Paella,2
54,1,04-04-2020 10:39:51,Fideua,3
54,1,04-04-2020 10:39:51,Tortilla,1
54,1,04-04-2020 10:39:51,Gazpacho,1
55,8,29-10-2019 14:30:34,Fideua,1
55,8,29-10-2019 14:30:34,Quesadilla,1
55,8,29-10-2019 14:30:34,Gazpacho,2
55,8,29-10-2019 14:30:34,Tortilla,3
56,3,07-12-2019 05:56:16,Gazpacho,3
56,3,07-12-2019 05:56:16,Fideua,1
56,3,07-12-2019 05:56:16,Quesadilla,1
57,4,17-11-2019 20:15:46,Tortilla,1
57,4,17-11-2019 20:15:46,Paella,2
58,20,17-04-2020 16:14:58,Gazpacho,2
59,7,23-01-2021 03:30:55,Paella,2
59,7,23-01-2021 03:30:55,Gazpacho,3
59,7,23-01-2021 03:30:55,Fideua,1
59,7,23-01-2021 03:30:55,Quesadilla,1
60,9,19-06-2021 10:25:17,Gazpacho,1
60,9,19-06-2021 10:25:17,Paella,3
60,9,19-06-2021 10:25:17,Fideua,2
61,1,30-05-2019 07:02:58,Quesadilla,1
62,18,06-06-2020 17:49:44,Gazpacho,3
62,18,06-06-2020 17:49:44,Tortilla,3
63,13,12-12-2020 05:06:39,Gazpacho,1
63,13,12-12-2020 05:06:39,Tortilla,1
63,13,12-12-2020 05:06:39,Paella,1
63,13,12-12-2020 05:06:39,Quesadilla,1
64,12,27-08-2021 15:50:03,Fideua,3
65,3,01-09-2020 11:16:42,Gazpacho,2
65,3,01-09-2020 11:16:42,Tortilla,2
65,3,01-09-2020 11:16:42,Paella,1
66,13,20-08-2021 02:54:20,Paella,1
66,13,20-08-2021 02:54:20,Gazpacho,3
66,13,20-08-2021 02:54:20,Quesadilla,1
66,13,20-08-2021 02:54:20,Fideua,1
67,3,01-06-2021 15:56:50,Quesadilla,1
67,3,01-06-2021 15:56:50,Paella,1
68,10,02-12-2019 11:11:51,Tortilla,1
68,10,02-12-2019 11:11:51,Quesadilla,3
68,10,02-12-2019 11:11:51,Paella,3
68,10,02-12-2019 11:11:51,Fideua,3
69,10,14-05-2020 10:01:52,Tortilla,2
69,10,14-05-2020 10:01:52,Fideua,1
69,10,14-05-2020 10:01:52,Paella,1
70,7,20-09-2021 23:07:09,Gazpacho,2
70,7,20-09-2021 23:07:09,Tortilla,2
70,7,20-09-2021 23:07:09,Paella,2
70,7,20-09-2021 23:07:09,Fideua,3
71,5,15-01-2020 19:12:43,Gazpacho,3
72,5,23-07-2019 17:27:49,Quesadilla,3
73,11,20-11-2019 11:49:48,Paella,2
73,11,20-11-2019 11:49:48,Tortilla,1
73,11,20-11-2019 11:49:48,Quesadilla,1
73,11,20-11-2019 11:49:48,Fideua,3
74,19,26-01-2020 21:14:26,Tortilla,3
75,17,11-06-2021 09:54:01,Tortilla,2
76,5,10-12-2021 10:35:30,Fideua,2
76,5,10-12-2021 10:35:30,Quesadilla,1
76,5,10-12-2021 10:35:30,Tortilla,2
77,11,10-05-2019 23:41:46,Fideua,2
77,11,10-05-2019 23:41:46,Paella,3
77,11,10-05-2019 23:41:46,Quesadilla,1
78,12,17-08-2019 09:24:12,Fideua,3
78,12,17-08-2019 09:24:12,Quesadilla,3
79,4,02-12-2021 12:58:34,Fideua,1
79,4,02-12-2021 12:58:34,Tortilla,1
79,4,02-12-2021 12:58:34,Paella,1
80,4,20-10-2020 10:10:41,Quesadilla,2
80,4,20-10-2020 10:10:41,Tortilla,1
81,14,29-04-2019 04:47:20,Gazpacho,1
81,14,29-04-2019 04:47:20,Fideua,1
82,3,05-12-2021 19:17:40,Paella,3
82,3,05-12-2021 19:17:40,Fideua,2
82,3,05-12-2021 19:17:40,Tortilla,2
82,3,05-12-2021 19:17:40,Gazpacho,2
83,2,20-08-2021 04:50:39,Fideua,1
83,2,20-08-2021 04:50:39,Paella,3
83,2,20-08-2021 04:50:39,Gazpacho,3
84,5,03-07-2020 08:19:36,Gazpacho,1
85,3,28-04-2019 19:11:34,Fideua,1
86,9,24-12-2019 18:20:25,Gazpacho,1
86,9,24-12-2019 18:20:25,Quesadilla,1
86,9,24-12-2019 18:20:25,Fideua,1
87,11,09-12-2021 06:55:15,Tortilla,1
87,11,09-12-2021 06:55:15,Paella,1
87,11,09-12-2021 06:55:15,Fideua,2
88,16,14-03-2021 21:41:03,Gazpacho,2
88,16,14-03-2021 21:41:03,Quesadilla,1
89,19,03-09-2021 12:13:35,Gazpacho,3
89,19,03-09-2021 12:13:35,Quesadilla,3
90,14,03-09-2021 14:02:36,Paella,3
91,19,23-07-2021 05:35:24,Tortilla,2
91,19,23-07-2021 05:35:24,Gazpacho,1
92,17,01-12-2019 15:18:07,Quesadilla,3
93,4,03-05-2019 00:11:56,Gazpacho,1
93,4,03-05-2019 00:11:56,Tortilla,2
94,13,24-02-2021 08:10:31,Quesadilla,3
95,8,05-09-2021 03:43:27,Quesadilla,1
95,8,05-09-2021 03:43:27,Fideua,3
96,17,09-01-2020 21:52:13,Tortilla,2
97,6,28-03-2021 10:07:30,Gazpacho,2
97,6,28-03-2021 10:07:30,Fideua,2
98,12,23-02-2020 23:38:27,Fideua,1
98,12,23-02-2020 23:38:27,Paella,1
98,12,23-02-2020 23:38:27,Quesadilla,2
99,14,16-02-2020 10:34:13,Gazpacho,3
99,14,16-02-2020 10:34:13,Tortilla,1
99,14,16-02-2020 10:34:13,Quesadilla,1
99,14,16-02-2020 10:34:13,Paella,2
100,10,09-06-2019 23:12:51,Fideua,3
100,10,09-06-2019 23:12:51,Quesadilla,2
101,2,21-07-2019 20:44:00,Quesadilla,2
101,2,21-07-2019 20:44:00,Fideua,2
102,4,06-09-2019 00:26:52,Fideua,1
102,4,06-09-2019 00:26:52,Gazpacho,1
102,4,06-09-2019 00:26:52,Tortilla,1
102,4,06-09-2019 00:26:52,Paella,1
103,18,14-06-2020 16:04:15,Paella,3
103,18,14-06-2020 16:04:15,Gazpacho,3
104,17,26-02-2020 23:41:26,Quesadilla,1
104,17,26-02-2020 23:41:26,Gazpacho,1
105,3,12-08-2020 16:56:10,Fideua,1
105,3,12-08-2020 16:56:10,Gazpacho,1
105,3,12-08-2020 16:56:10,Paella,2
105,3,12-08-2020 16:56:10,Tortilla,1
106,18,19-06-2020 10:08:18,Quesadilla,3
106,18,19-06-2020 10:08:18,Gazpacho,1
107,8,22-12-2019 23:22:06,Gazpacho,3
107,8,22-12-2019 23:22:06,Quesadilla,3
108,19,16-09-2020 01:41:40,Paella,1
108,19,16-09-2020 01:41:40,Tortilla,1
108,19,16-09-2020 01:41:40,Quesadilla,3
109,3,25-08-2019 07:47:03,Quesadilla,2
109,3,25-08-2019 07:47:03,Paella,2
110,15,06-07-2019 16:38:37,Fideua,1
110,15,06-07-2019 16:38:37,Quesadilla,2
110,15,06-07-2019 16:38:37,Gazpacho,3
110,15,06-07-2019 16:38:37,Paella,1
111,8,10-11-2019 05:05:25,Tortilla,3
111,8,10-11-2019 05:05:25,Quesadilla,2
111,8,10-11-2019 05:05:25,Fideua,1
112,16,12-02-2021 07:32:52,Tortilla,2
112,16,12-02-2021 07:32:52,Gazpacho,1
112,16,12-02-2021 07:32:52,Fideua,3
112,16,12-02-2021 07:32:52,Quesadilla,3
113,4,05-04-2020 10:54:03,Quesadilla,1
114,11,19-07-2019 07:18:33,Gazpacho,3
115,19,01-04-2021 22:45:51,Gazpacho,1
115,19,01-04-2021 22:45:51,Paella,2
115,19,01-04-2021 22:45:51,Tortilla,1
116,8,26-08-2019 10:31:38,Paella,3
116,8,26-08-2019 10:31:38,Quesadilla,3
116,8,26-08-2019 10:31:38,Gazpacho,2
116,8,26-08-2019 10:31:38,Tortilla,2
117,8,19-01-2020 17:35:56,Gazpacho,1
117,8,19-01-2020 17:35:56,Tortilla,3
118,9,24-09-2019 22:41:24,Tortilla,3
118,9,24-09-2019 22:41:24,Quesadilla,2
119,6,24-07-2021 11:30:55,Quesadilla,2
119,6,24-07-2021 11:30:55,Tortilla,3
119,6,24-07-2021 11:30:55,Fideua,3
119,6,24-07-2021 11:30:55,Paella,3
120,11,16-06-2019 02:09:43,Quesadilla,2
121,12,05-01-2020 11:45:36,Gazpacho,2
121,12,05-01-2020 11:45:36,Quesadilla,2
122,9,03-05-2020 19:24:34,Tortilla,2
122,9,03-05-2020 19:24:34,Paella,2
122,9,03-05-2020 19:24:34,Quesadilla,1
123,19,16-06-2020 12:51:39,Gazpacho,3
123,19,16-06-2020 12:51:39,Paella,3
124,11,13-11-2021 12:11:23,Gazpacho,3
124,11,13-11-2021 12:11:23,Quesadilla,2
125,15,03-05-2020 13:33:45,Quesadilla,2
125,15,03-05-2020 13:33:45,Gazpacho,3
125,15,03-05-2020 13:33:45,Paella,3
126,2,21-06-2020 13:47:45,Gazpacho,3
126,2,21-06-2020 13:47:45,Fideua,2
126,2,21-06-2020 13:47:45,Tortilla,2
127,10,21-10-2019 08:13:45,Tortilla,1
128,13,29-05-2020 05:30:42,Gazpacho,3
128,13,29-05-2020 05:30:42,Fideua,3
129,14,14-12-2021 18:03:14,Gazpacho,3
129,14,14-12-2021 18:03:14,Tortilla,3
129,14,14-12-2021 18:03:14,Paella,2
129,14,14-12-2021 18:03:14,Quesadilla,1
130,10,04-07-2021 05:09:59,Fideua,2
131,11,24-12-2020 19:58:13,Gazpacho,2
131,11,24-12-2020 19:58:13,Tortilla,1
131,11,24-12-2020 19:58:13,Quesadilla,3
131,11,24-12-2020 19:58:13,Fideua,1
132,7,14-11-2021 21:56:23,Tortilla,3
132,7,14-11-2021 21:56:23,Fideua,2
133,12,26-07-2019 04:09:48,Gazpacho,2
133,12,26-07-2019 04:09:48,Paella,2
133,12,26-07-2019 04:09:48,Tortilla,3
134,12,10-07-2021 10:49:39,Paella,2
135,7,15-05-2021 10:58:48,Fideua,3
135,7,15-05-2021 10:58:48,Quesadilla,1
135,7,15-05-2021 10:58:48,Paella,2
135,7,15-05-2021 10:58:48,Gazpacho,3
136,5,16-10-2021 14:02:40,Paella,2
137,2,04-08-2019 14:51:05,Quesadilla,1
137,2,04-08-2019 14:51:05,Gazpacho,1
138,16,31-08-2020 23:47:11,Tortilla,1
138,16,31-08-2020 23:47:11,Fideua,3
138,16,31-08-2020 23:47:11,Quesadilla,2
139,11,19-09-2019 11:59:01,Gazpacho,1
140,17,20-09-2019 05:22:43,Quesadilla,3
141,16,04-08-2019 21:04:12,Fideua,2
141,16,04-08-2019 21:04:12,Quesadilla,1
141,16,04-08-2019 21:04:12,Tortilla,3
142,18,11-01-2021 01:39:17,Paella,2
143,20,07-12-2021 02:12:01,Paella,3
143,20,07-12-2021 02:12:01,Gazpacho,2
144,3,29-06-2020 19:49:52,Fideua,3
144,3,29-06-2020 19:49:52,Gazpacho,1
144,3,29-06-2020 19:49:52,Tortilla,3
144,3,29-06-2020 19:49:52,Paella,3
145,6,06-11-2019 15:01:37,Fideua,2
145,6,06-11-2019 15:01:37,Paella,1
145,6,06-11-2019 15:01:37,Tortilla,2
145,6,06-11-2019 15:01:37,Gazpacho,1
146,15,04-11-2021 14:23:29,Gazpacho,2
146,15,04-11-2021 14:23:29,Tortilla,3
147,8,15-09-2020 16:40:05,Gazpacho,3
147,8,15-09-2020 16:40:05,Tortilla,1
147,8,15-09-2020 16:40:05,Paella,2
148,13,25-01-2021 00:03:41,Gazpacho,2
148,13,25-01-2021 00:03:41,Tortilla,2
149,6,01-04-2020 17:29:54,Tortilla,1
149,6,01-04-2020 17:29:54,Paella,2
150,20,17-03-2020 01:12:57,Quesadilla,1
151,10,02-05-2020 10:53:03,Quesadilla,1
151,10,02-05-2020 10:53:03,Paella,1
151,10,02-05-2020 10:53:03,Tortilla,3
152,9,27-09-2020 23:15:55,Paella,1
152,9,27-09-2020 23:15:55,Quesadilla,3
153,18,01-01-2021 03:33:40,Tortilla,1
154,19,24-05-2021 05:30:04,Paella,1
154,19,24-05-2021 05:30:04,Gazpacho,3
154,19,24-05-2021 05:30:04,Tortilla,3
154,19,24-05-2021 05:30:04,Fideua,3
155,15,03-12-2020 12:11:59,Gazpacho,3
155,15,03-12-2020 12:11:59,Tortilla,1
156,19,25-10-2021 01:17:00,Fideua,1
156,19,25-10-2021 01:17:00,Quesadilla,1
156,19,25-10-2021 01:17:00,Paella,2
157,12,04-12-2020 00:59:56,Gazpacho,2
157,12,04-12-2020 00:59:56,Tortilla,3
157,12,04-12-2020 00:59:56,Fideua,1
158,18,30-04-2021 10:20:17,Quesadilla,2
159,5,27-03-2021 23:12:01,Paella,2
159,5,27-03-2021 23:12:01,Quesadilla,2
159,5,27-03-2021 23:12:01,Fideua,2
159,5,27-03-2021 23:12:01,Gazpacho,2
160,20,13-09-2020 20:47:57,Quesadilla,1
160,20,13-09-2020 20:47:57,Tortilla,2
161,2,26-05-2020 13:33:16,Paella,3
162,7,10-06-2021 21:06:08,Fideua,1
162,7,10-06-2021 21:06:08,Paella,2
162,7,10-06-2021 21:06:08,Tortilla,2
162,7,10-06-2021 21:06:08,Gazpacho,3
163,6,30-11-2020 12:56:55,Gazpacho,2
163,6,30-11-2020 12:56:55,Quesadilla,3
164,2,30-07-2019 04:48:58,Gazpacho,2
165,5,27-03-2020 02:58:24,Tortilla,2
165,5,27-03-2020 02:58:24,Gazpacho,2
166,12,22-02-2020 15:57:18,Fideua,3
166,12,22-02-2020 15:57:18,Quesadilla,1
166,12,22-02-2020 15:57:18,Paella,3
166,12,22-02-2020 15:57:18,Tortilla,3
167,18,14-06-2020 22:51:39,Gazpacho,1
167,18,14-06-2020 22:51:39,Fideua,2
167,18,14-06-2020 22:51:39,Quesadilla,1
168,9,29-11-2019 21:28:17,Tortilla,1
168,9,29-11-2019 21:28:17,Fideua,1
169,2,02-08-2020 15:56:29,Quesadilla,2
169,2,02-08-2020 15:56:29,Paella,3
170,8,09-04-2021 01:18:05,Gazpacho,2
170,8,09-04-2021 01:18:05,Fideua,1
171,15,22-10-2021 03:23:00,Fideua,2
171,15,22-10-2021 03:23:00,Gazpacho,2
172,4,18-11-2020 05:27:53,Tortilla,3
172,4,18-11-2020 05:27:53,Gazpacho,1
173,6,13-04-2021 09:01:25,Tortilla,2
173,6,13-04-2021 09:01:25,Gazpacho,2
173,6,13-04-2021 09:01:25,Paella,1
174,8,07-02-2020 09:48:25,Gazpacho,1
174,8,07-02-2020 09:48:25,Tortilla,3
174,8,07-02-2020 09:48:25,Quesadilla,1
174,8,07-02-2020 09:48:25,Paella,2
175,1,04-11-2019 04:27:14,Paella,1
175,1,04-11-2019 04:27:14,Fideua,1
175,1,04-11-2019 04:27:14,Tortilla,1
175,1,04-11-2019 04:27:14,Gazpacho,2
176,11,02-10-2019 12:06:52,Gazpacho,1
176,11,02-10-2019 12:06:52,Quesadilla,1
176,11,02-10-2019 12:06:52,Fideua,2
177,3,28-07-2021 10:14:35,Gazpacho,2
177,3,28-07-2021 10:14:35,Quesadilla,1
178,13,29-10-2019 04:51:26,Gazpacho,1
178,13,29-10-2019 04:51:26,Paella,2
179,15,20-11-2019 23:56:44,Tortilla,2
179,15,20-11-2019 23:56:44,Quesadilla,3
179,15,20-11-2019 23:56:44,Gazpacho,2
179,15,20-11-2019 23:56:44,Paella,2
180,11,29-09-2019 01:34:28,Tortilla,2
181,19,24-11-2019 10:32:33,Tortilla,3
182,14,13-05-2019 00:53:45,Fideua,3
182,14,13-05-2019 00:53:45,Gazpacho,1
183,4,16-07-2019 14:53:23,Quesadilla,1
183,4,16-07-2019 14:53:23,Tortilla,2
183,4,16-07-2019 14:53:23,Fideua,3
184,7,03-11-2021 05:35:28,Fideua,2
184,7,03-11-2021 05:35:28,Gazpacho,1
185,9,15-06-2019 22:10:17,Gazpacho,1
186,1,21-02-2021 19:28:19,Fideua,1
187,8,15-08-2019 12:37:38,Fideua,2
187,8,15-08-2019 12:37:38,Gazpacho,1
188,11,09-02-2020 21:57:29,Fideua,1
188,11,09-02-2020 21:57:29,Gazpacho,1
188,11,09-02-2020 21:57:29,Paella,1
189,3,24-01-2020 21:53:35,Tortilla,1
190,20,03-01-2021 11:09:52,Quesadilla,3
190,20,03-01-2021 11:09:52,Tortilla,2
190,20,03-01-2021 11:09:52,Paella,3
190,20,03-01-2021 11:09:52,Fideua,2
191,14,08-09-2020 05:02:48,Quesadilla,3
191,14,08-09-2020 05:02:48,Fideua,1
192,4,20-01-2021 17:56:12,Fideua,2
192,4,20-01-2021 17:56:12,Gazpacho,3
192,4,20-01-2021 17:56:12,Paella,2
193,14,21-03-2021 07:38:12,Quesadilla,1
194,16,04-01-2021 18:04:27,Quesadilla,3
194,16,04-01-2021 18:04:27,Paella,1
194,16,04-01-2021 18:04:27,Fideua,3
195,18,16-05-2020 00:14:25,Paella,3
195,18,16-05-2020 00:14:25,Quesadilla,1
196,14,21-10-2021 14:51:00,Paella,3
197,9,29-06-2020 13:52:45,Tortilla,3
197,9,29-06-2020 13:52:45,Fideua,2
197,9,29-06-2020 13:52:45,Quesadilla,3
197,9,29-06-2020 13:52:45,Gazpacho,2
198,17,24-10-2021 11:49:56,Fideua,2
198,17,24-10-2021 11:49:56,Gazpacho,3
199,4,13-11-2019 00:27:11,Quesadilla,1
199,4,13-11-2019 00:27:11,Tortilla,2
199,4,13-11-2019 00:27:11,Paella,1
200,2,15-08-2021 16:45:01,Tortilla,3
200,2,15-08-2021 16:45:01,Quesadilla,1
200,2,15-08-2021 16:45:01,Paella,1
